English,Match_Status,ET_Translation,Source,Domain,Notes,Glossary_Row
Abandonment | (This can be physical or emotional abandonment. Shaming a child is abandoning a child.),matched,ebastabiilsus,eki_skt,psychology/therapy,This can be physical or emotional abandonment. Shaming a child is abandoning a child. | (This can be...,3
About (is),unmatched,,,,is,4
Abscond (to),unmatched,,,,to,5
Abuse (v.),matched,hirm saada väärkoheldud,eki_skt,psychology/therapy,v.,7
Abuser,unmatched,,,,,8
Abusive,unmatched,,,,,9
ACA (Adult Children of Alcoholics),unmatched,,,,Adult Children of Alcoholics,10
ACA counselor,unmatched,,,,,12
ACA relapse,unmatched,,,,,13
Accountable,unmatched,,,,,14
Accustomed,unmatched,,,,,15
Aching sense,unmatched,,,,,16
Acquaintance,unmatched,,,,,17
"Act, action",unmatched,,,,,18
Acting out,unmatched,,,,,19
"Addicted to excitement | Trait 8 of The Laundry List. Examples: gossip, dramatic scenes, pending financial failure, or failing health are often the turmoil that adult children create in their lives to fee connected to reality (page 16). Also see page 23.",unmatched,,,,"page 16 | Trait 8 of The Laundry List. Examples: gossip, dramatic scenes, pending financial failure,...",20
"Addictions: switching addictions or substituting addiction (replacing one addiction for another). Addictions can include food, sex, work, gambling, alcohol/drugs.",unmatched,,,,replacing one addiction for another,24
Addictive life,unmatched,,,,,21
Addictive thinking,unmatched,,,,,22
Addictiveness,unmatched,,,,,23
Address (to) | (See page 22 of the ACA BRB: “This book will address how ACA….”),unmatched,,,,"to, See page 22 of the ACA BRB: “This book will address how ACA….” | (See page 22 of the ACA BRB: “T...",25
Addressing,unmatched,,,,,28
Admitted,unmatched,,,,,26
Admonition,unmatched,,,,,27
Adult child of an alcoholic | Definition: see pages 3 and 4 of the ACA Fellowship Text (Big Red Book). Also see editor’s note on page vii.,unmatched,,,,Big Red Book | Definition: see pages 3 and 4 of the ACA Fellowship Text (Big Red Book). Also see edi...,11
Adultery,unmatched,,,,,29
Adulthood,unmatched,,,,,30
Advocate for,unmatched,,,,,31
Affirmation,unmatched,,,,,32
Afraid of people and authority figures,unmatched,,,,,33
Against,unmatched,,,,,34
Agonize,unmatched,,,,,35
Ailment,unmatched,,,,,36
Al-Anon,unmatched,,,,,37
Alarmed,unmatched,,,,,38
Alateen(s),unmatched,,,,s,39
Alcoholic or dysfunctional home,unmatched,,,,,40
Alienated (to be),unmatched,,,,to be,41
All or nothing,unmatched,,,,,42
Altogether,unmatched,,,,,43
Amazed,unmatched,,,,,44
Amazing,unmatched,,,,,45
Amends (to make),unmatched,,,,to make,48
Amused/Amusement,unmatched,,,,,49
Anger,unmatched,,,,,50
Anguished,unmatched,,,,,51
Annual Business Conference,unmatched,,,,,52
Apologize (to),unmatched,,,,to,53
Approval (to seek --),unmatched,,,,to seek --,54
Argument,unmatched,,,,,55
Array,unmatched,,,,,56
As children,unmatched,,,,,57
As said,unmatched,,,,,58
Ashamed,unmatched,,,,,59
Assertive,unmatched,,,,,60
Asset,unmatched,,,,,61
Astonished,unmatched,,,,,62
At some point,unmatched,,,,,63
At the core,unmatched,,,,,64
At times,unmatched,,,,,65
Attachment,unmatched,,,,,66
Attend (to),unmatched,,,,to,67
Attendance,unmatched,,,,,68
Attitude of neutrality,unmatched,,,,,69
Attributes,unmatched,,,,,70
Awakening,unmatched,,,,,71
Awareness,unmatched,,,,,72
Awe,unmatched,,,,,73
Awful,unmatched,,,,,74
Axiom,unmatched,,,,,75
Baffling,unmatched,,,,,77
Balk (to),unmatched,,,,to,78
Bankruptcy,unmatched,,,,,79
Battery,unmatched,,,,,80
Becoming your own Loving Parent,unmatched,,,,,81
Befall,unmatched,,,,,82
Beg (I – you),unmatched,,,,I – you,83
Behave,unmatched,,,,,85
Behavior,matched,käitumine,eki_dkt,psychology/therapy,,84
Believe (to),unmatched,,,,to,86
Belittled,unmatched,,,,,87
Bellow (to),unmatched,,,,to,88
Bereavement,unmatched,,,,,89
Best course,unmatched,,,,,90
Betrayed,unmatched,,,,,91
Beyond recall,unmatched,,,,,92
Bias (it is my),unmatched,,,,it is my,93
Bid farewell (to – to),unmatched,,,,to – to,94
Big deal (no),unmatched,,,,no,95
Binging,unmatched,,,,,96
Black and white (thinking),unmatched,,,,thinking,97
Black sheep,unmatched,,,,,98
Blatant,unmatched,,,,,100
Blatantly,unmatched,,,,,101
Bliss,unmatched,,,,,103
Blistering,unmatched,,,,,104
Blossomed,unmatched,,,,,105
Bludgeoned (to be --),unmatched,,,,to be --,106
Blunt,unmatched,,,,,107
Boggle (to),unmatched,,,,to,108
Bogus,unmatched,,,,,109
Bold,unmatched,,,,,110
Bottom (to hit the --),unmatched,,,,to hit the --,111
Bottom out (to),unmatched,,,,to,112
Branch,unmatched,,,,,113
Break free (to),unmatched,,,,to,114
Break out (to),unmatched,,,,to,115
Breather (n.),unmatched,,,,n.,116
Breed (v.),unmatched,,,,v.,118
Broaden (to),unmatched,,,,to,119
Browbeat,unmatched,,,,,120
Bruised,unmatched,,,,,121
Budge,unmatched,,,,,122
Bulwarks,unmatched,,,,,123
Bump,unmatched,,,,,124
Burden,unmatched,,,,,125
Burst (n.),unmatched,,,,n.,126
Cajole (to),unmatched,,,,to,128
Caregivers,unmatched,,,,,129
Centerpiece,unmatched,,,,,130
Central Service Board,unmatched,,,,,131
CEO (chief executive officer),unmatched,,,,chief executive officer,158
Chairman,unmatched,,,,,132
Challenge (to),unmatched,,,,to,133
Character trait,unmatched,,,,,134
Chase (to),unmatched,,,,to,135
Chat (to – online),unmatched,,,,to – online,136
Checklist,unmatched,,,,,137
Cheerful,unmatched,,,,,138
Cheerleader,unmatched,,,,,139
Chemically addicted,unmatched,,,,,140
Child within (the),unmatched,,,,the,141
Childbirth,unmatched,,,,,142
"Childhood neglect | Neglect can involve denial of food, safety and nutrition in childhood. | Covert neglect can involve favoritism of one sibling over another. There is also neglect in hatefulness, comparing one child with another, or withholding praise. Perfectionism in which a child can never reach a parent’s idea of behavior or performance is covert neglect. | (See pages 27-34 of ACA BRB.)",unmatched,,,,"See pages 27-34 of ACA BRB. | Neglect can involve denial of food, safety and nutrition in childhood....",143
"Childhood trauma | (See index of ACA BRB.) | Childhood trauma can involve physical abuse such as hitting, slapping, sexual abuse or battering a child. Or it can be verbal abuse such as threats of hitting or cursing, shaming comments, comparing, chronic hatefulness. | Childhood trauma can also involve denial of food, safety, and proper nutrition without physical or verbal abuse involved. | (See pages 27-30 of ACA BRB.)",unmatched,,,,"See index of ACA BRB., See pages 27-30 of ACA BRB. | (See index of ACA BRB.) | Childhood trauma can ...",144
Chronic,unmatched,,,,,145
Claim (to) | (See page xx of the ACA BRB: “… needed their own claim….”),unmatched,,,,"to, See page xx of the ACA BRB: “… needed their own claim….” | (See page xx of the ACA BRB: “… neede...",146
Clarity,unmatched,,,,,147
Clean (v.),unmatched,,,,v.,151
Clear (to – up the wreckage of the past),unmatched,,,,to – up the wreckage of the past,152
Cling (to – to something),unmatched,,,,to – to something,153
Closemindedness,unmatched,,,,,154
Co alcoholic,unmatched,,,,,155
Codependence | (See page 335 in the ACA BRB.),unmatched,,,,See page 335 in the ACA BRB. | (See page 335 in the ACA BRB.),156
Codependent,unmatched,,,,,157
Coerced,unmatched,,,,,159
Collapse,unmatched,,,,,160
Common behaviors,unmatched,,,,,161
Commonality,unmatched,,,,,162
Compel (to),unmatched,,,,to,163
Compulsivity,unmatched,,,,,164
Conflict,unmatched,,,,,165
Connected,unmatched,,,,,166
Connection,unmatched,,,,,167
Consistent,unmatched,,,,,168
Contempt,unmatched,,,,,169
Continuum,unmatched,,,,,170
Conversely,unmatched,,,,,171
Cope (to),unmatched,,,,to,172
Core (of the issue),unmatched,,,,of the issue,174
Counseling,unmatched,,,,,177
Counselor (informed),unmatched,,,,informed,176
Course,unmatched,,,,,178
Cover,unmatched,,,,,179
Covert,unmatched,,,,,180
Cowed,unmatched,,,,,181
Crave (to),unmatched,,,,to,182
Crazy,unmatched,,,,,183
Cringe (to),unmatched,,,,to,184
Crippling,unmatched,,,,,185
Critical inner parent,unmatched,,,,,186
Critical inner voice,unmatched,,,,,187
Critical parent | (See chapter 8 of the ACA BRB.),unmatched,,,,See chapter 8 of the ACA BRB. | (See chapter 8 of the ACA BRB.),188
"Critical survival parent | This is a part of ourselves that tells us we may be making a mistake. Since the critical survival parent may have helped us to stay alive, it is critical (necessary) to our survival. | (See “To the Beginner in All of Us” trifold and page 121 of The Laundry Lists Workbook.)",unmatched,,,,"necessary, See “To the Beginner in All of Us” trifold and page 121 of The Laundry Lists Workbook. | ...",189
Criticism,unmatched,,,,,190
Cross talk,unmatched,,,,,191
Cruising,unmatched,,,,,192
Cue,unmatched,,,,,193
Cunning,unmatched,,,,,194
Curse,unmatched,,,,,195
Cursed,unmatched,,,,,196
Cursing,unmatched,,,,,197
Daunting,unmatched,,,,,199
Deadened,unmatched,,,,,200
Deal (to – with),unmatched,,,,to – with,201
Deep-tissue massage,unmatched,,,,,202
Defect,unmatched,,,,,203
Defective,unmatched,,,,,204
Defiance,unmatched,,,,,205
Demeanor,unmatched,,,,,206
Dementia,unmatched,,,,,207
Denial (to be in --),unmatched,,,,to be in --,209
Deprivation,unmatched,,,,,210
Deserve,unmatched,,,,,211
Despair,unmatched,,,,,212
Despite,unmatched,,,,,213
Detachment,unmatched,,,,,214
Devastating,unmatched,,,,,215
Disappointed,unmatched,,,,,216
Disbelief,unmatched,,,,,217
Disclose,unmatched,,,,,218
Disconnection,unmatched,,,,,219
Discovery and recovery,unmatched,,,,,220
Discussion,unmatched,,,,,221
Disdain,unmatched,,,,,222
Disease,unmatched,,,,,223
Disease of family addiction | (See disease model on page xxvi of the ACA BRB.),unmatched,,,,See disease model on page xxvi of the ACA BRB. | (See disease model on page xxvi of the ACA BRB.),224
Disgraceful,unmatched,,,,,225
Dishonesty,unmatched,,,,,226
Dismissive,unmatched,,,,,227
Disorder,unmatched,,,,,228
Dissociation,unmatched,,,,,229
Distorted (image),unmatched,,,,image,230
Divided self (the),unmatched,,,,the,231
Divine (the),unmatched,,,,the,232
Doctor (Dr.),unmatched,,,,Dr.,237
Dole (to – out),unmatched,,,,to – out,233
Don’t remember rule,unmatched,,,,,234
Doom (n.),unmatched,,,,n.,235
Doomed,unmatched,,,,,236
Downright,unmatched,,,,,238
Dramatic,unmatched,,,,,239
Dread,unmatched,,,,,240
Dredge (to – up),unmatched,,,,to – up,241
Drive (to be driven by),unmatched,,,,to be driven by,242
Drug,unmatched,,,,,243
Drug addict,unmatched,,,,,244
Dwell (to),unmatched,,,,to,245
Dwindle,unmatched,,,,,246
Dysfunction (family --),unmatched,,,,family --,248
Dysfunctional,unmatched,,,,,247
Eager,unmatched,,,,,250
Earnestly,unmatched,,,,,251
Earnestness,unmatched,,,,,252
Easy does it,unmatched,,,,,253
Education,unmatched,,,,,254
Educational,unmatched,,,,,255
Effects,unmatched,,,,,256
"Elder, Elder statesman",unmatched,,,,,257
Embodiment,unmatched,,,,,262
Embrace,unmatched,,,,,258
Emotional abuse,unmatched,,,,,259
Emotional sobriety,unmatched,,,,,260
Empowered,unmatched,,,,,261
Enable (to),unmatched,,,,to,263
Engulfed,unmatched,,,,,264
Enmeshed,unmatched,,,,,265
Entangled,unmatched,,,,,268
Entertainment,unmatched,,,,,266
Enthralled,unmatched,,,,,267
Envy,unmatched,,,,,269
Evil (n.),unmatched,,,,n.,271
Exhaustion,unmatched,,,,,272
Explain away (to),unmatched,,,,to,273
Exposed,unmatched,,,,,274
Extent,unmatched,,,,,275
Face (to),unmatched,,,,to,277
Failure,matched,(definition only),eki_skt,psychology/therapy,,278
Fairly,unmatched,,,,,279
Fairness,unmatched,,,,,280
Faithful,unmatched,,,,,281
Fall short (to),unmatched,,,,to,282
Fallout (fall out),unmatched,,,,fall out,283
False self | (See index of the ACA BRB for examples of this term.),unmatched,,,,See index of the ACA BRB for examples of this term. | (See index of the ACA BRB for examples of this...,284
Family roles | (See pages 97 and 98 of the ACA BRB.),unmatched,,,,See pages 97 and 98 of the ACA BRB. | (See pages 97 and 98 of the ACA BRB.),285
Family script,unmatched,,,,,286
Fantasy,unmatched,,,,,287
Fashion (in),unmatched,,,,in,288
Fearless,unmatched,,,,,289
Feeling self (the),unmatched,,,,the,290
Feeling superior,unmatched,,,,,291
Feelings,unmatched,,,,,292
Fellow traveler,unmatched,,,,,294
Fellowship,unmatched,,,,,293
Fictionalize (to),unmatched,,,,to,295
First things first,unmatched,,,,,296
Fit,unmatched,,,,,297
Fits (throwing),unmatched,,,,throwing,298
Fix (to – another) | To touch or hug the person is known as “fixing”.,unmatched,,,,to – another | To touch or hug the person is known as “fixing”.,299
Flaw,unmatched,,,,,300
Flawed (to be --),unmatched,,,,to be --,301
Fledgling,unmatched,,,,,302
Flourish (to),unmatched,,,,to,303
Focus (to – on),unmatched,,,,to – on,304
Forethought,unmatched,,,,,305
Forgiveness,unmatched,,,,,306
Forth,unmatched,,,,,307
Foster children,unmatched,,,,,308
Foundling (home),unmatched,,,,home,309
Fragmented,unmatched,,,,,310
Frantic,unmatched,,,,,311
Fraught,unmatched,,,,,312
Freeze (to),unmatched,,,,to,313
Friendliness,unmatched,,,,,314
Frightening,unmatched,,,,,315
Fruit,unmatched,,,,,316
Fulfill,unmatched,,,,,317
Full,unmatched,,,,,318
Fury,unmatched,,,,,319
Gambling,unmatched,,,,,321
Gateway,unmatched,,,,,322
Gentleness,unmatched,,,,,323
Gentleness break,unmatched,,,,,324
Genuine,unmatched,,,,,325
Get out of yourself (oneself) (to),unmatched,,,,"oneself, to",326
Getcha God,unmatched,,,,,327
Getting in (our bodies),unmatched,,,,our bodies,328
Gift,unmatched,,,,,329
Giggly,unmatched,,,,,330
Give up (at school),unmatched,,,,at school,331
Glaring (adj.),unmatched,,,,adj.,332
Glimpse (v.),unmatched,,,,v.,334
Glue,unmatched,,,,,335
Gossip,unmatched,,,,,336
Grandchild of an alcoholic,unmatched,,,,,337
Grant me (something),unmatched,,,,something,338
Grasp,unmatched,,,,,339
Grateful,unmatched,,,,,340
Greed,unmatched,,,,,341
Grief,matched,lein,eki_kriis,crisis/counseling,,342
Grieve (to),unmatched,,,,to,343
Grin,unmatched,,,,,344
Growing (n.),unmatched,,,,n.,345
Grudge (v.),unmatched,,,,v.,347
Grudging hours,unmatched,,,,,348
Guardian,matched,(definition only),eki_TAI,health,,349
Guesses (second),unmatched,,,,second,350
Gut reaction,unmatched,,,,,351
HALTS,unmatched,,,,,353
Handbook,unmatched,,,,,354
Handle,unmatched,,,,,355
Handout,unmatched,,,,,356
Hang on (to),unmatched,,,,to,357
Hang over (to),unmatched,,,,to,358
Hangover,unmatched,,,,,359
Hard working,unmatched,,,,,360
Harmed,unmatched,,,,,361
Harmful,unmatched,,,,,362
Harsh,unmatched,,,,,363
Harshness,unmatched,,,,,364
Havoc,unmatched,,,,,365
Heal (to),unmatched,,,,to,366
"Heart (to their (his, her) heart’s desire)",unmatched,,,,"to their (his, her",367
Helpline,unmatched,,,,,368
Hero,unmatched,,,,,369
Hiding,unmatched,,,,,370
Higher Power,unmatched,,,,,371
Hiking,unmatched,,,,,372
Hindrance,unmatched,,,,,373
Hip label,unmatched,,,,,374
"Hit (experience a) (such as taking a dosage of drugs). | You can also get a “hit” or become intoxicated from inside drugs such as fear, excitement, and pain. Fear, excitement, and pain are derived from inside drugs connected to adrenalin, endorphins, or melatonin. | (See pages 16, 23, 69, or 87 of the ACA BRB. Also see",unmatched,,,,"experience a, such as taking a dosage of drugs | You can also get a “hit” or become intoxicated from...",375
Hit the bottom (to),unmatched,,,,to,376
Home,unmatched,,,,,377
Home group,unmatched,,,,,378
Honor (to),unmatched,,,,to,379
Hope for Adult Children of Alcoholics,unmatched,,,,,380
Hopelessly,unmatched,,,,,381
Household,unmatched,,,,,382
However,unmatched,,,,,383
Humorous,unmatched,,,,,384
Hunch,unmatched,,,,,385
Hurtful,unmatched,,,,,386
Hyper vigilance,unmatched,,,,,388
Hyper vigilant,unmatched,,,,,389
Hypercritical,unmatched,,,,,387
Identified alcoholic,unmatched,,,,,391
Identity Committee (the),unmatched,,,,the,392
Identity Paper | (See chapters 6 and 10 of the ACA BRB.),unmatched,,,,See chapters 6 and 10 of the ACA BRB. | (See chapters 6 and 10 of the ACA BRB.),393
Inadequacy,unmatched,,,,,394
Inclusion (inclusiveness),unmatched,,,,inclusiveness,395
Inconspicuously,unmatched,,,,,396
Indifference,unmatched,,,,,397
Inflated,unmatched,,,,,398
Ingrained,unmatched,,,,,399
Inhibit,unmatched,,,,,400
Injury,unmatched,,,,,401
Inkling,unmatched,,,,,402
Inner Child,unmatched,,,,,403
"Inner Drugs | (See pages 16, 23, and 69 in the ACA BRB.)",unmatched,,,,"See pages 16, 23, and 69 in the ACA BRB. | (See pages 16, 23, and 69 in the ACA BRB.)",404
Insanity,unmatched,,,,,405
Inside “drugging”,unmatched,,,,,406
Insight,unmatched,,,,,407
Interim,unmatched,,,,,408
Internalize | (See page 22 of the ACA BRB.),unmatched,,,,See page 22 of the ACA BRB. | (See page 22 of the ACA BRB.),409
Interviewed,unmatched,,,,,410
Involve,unmatched,,,,,411
"Issue, issues (for example, “abandonment issues”)",unmatched,,,,"for example, “abandonment issues”",412
Item,unmatched,,,,,413
Joyful,unmatched,,,,,416
Judgemental,unmatched,,,,,417
Judgementalness,unmatched,,,,,418
Judging myself without mercy,unmatched,,,,,419
Judicious,unmatched,,,,,420
Just as telling (not --),unmatched,,,,not --,421
Just as telling…,unmatched,,,,,422
Keep it simple (to),unmatched,,,,to,424
Key,unmatched,,,,,425
Key event,unmatched,,,,,426
Keyword,unmatched,,,,,427
Kind (adj.),unmatched,,,,adj.,428
Language,unmatched,,,,,430
Lash out (to – at someone),unmatched,,,,to – at someone,431
Latter (the latter of the two),unmatched,,,,the latter of the two,433
Laundromat,unmatched,,,,,434
Laundry List (14 traits of an adult child of an alcoholic/dysfunctional family),unmatched,,,,14 traits of an adult child of an alcoholic/dysfunctional family,435
Lavish,unmatched,,,,,436
Leap,unmatched,,,,,437
Ledge (n.),unmatched,,,,n.,438
Lenient (adj.),unmatched,,,,adj.,439
Lessen (to),unmatched,,,,to,440
Let to (to),unmatched,,,,to,441
Lethal,unmatched,,,,,442
Letting go,unmatched,,,,,443
Limp (to),unmatched,,,,to,444
Linger (to),unmatched,,,,to,445
Lingering,unmatched,,,,,446
Literature,unmatched,,,,,447
Livelihood,unmatched,,,,,448
Lock up (to),unmatched,,,,to,449
Locked down,unmatched,,,,,450
Loneliness,unmatched,,,,,451
Longing (n.),unmatched,,,,n.,452
Longitudinal,unmatched,,,,,453
Loopy,unmatched,,,,,454
Loss,unmatched,,,,,455
Lost child,unmatched,,,,,456
Loving parent | (See chapter 8 in the ACA BRB.),unmatched,,,,See chapter 8 in the ACA BRB. | (See chapter 8 in the ACA BRB.),457
Lukewarm,unmatched,,,,,458
Lump,unmatched,,,,,459
Lust,unmatched,,,,,460
Maddening,unmatched,,,,,462
Maddening pace,unmatched,,,,,463
Manageable,unmatched,,,,,464
Manipulative,unmatched,,,,,465
Many (of us),unmatched,,,,of us,466
Mascot child,unmatched,,,,,467
Meeting,unmatched,,,,,468
Mental Illness,unmatched,,,,,469
Mercy,unmatched,,,,,470
Midst,unmatched,,,,,471
Mind,unmatched,,,,,472
"Mind-boggling, it boggles the mind",unmatched,,,,,473
Miracle state,unmatched,,,,,474
Mire,unmatched,,,,,475
Miscellaneous,unmatched,,,,,873
Mistakenly,unmatched,,,,,476
Mistrust,matched,(definition only),eki_skt,psychology/therapy,,477
Mood altering substances,unmatched,,,,,478
Mourning,unmatched,,,,,479
Movement,unmatched,,,,,480
Mundane,unmatched,,,,,481
Neglect,unmatched,,,,,483
Neglectful,unmatched,,,,,484
Neurotic,unmatched,,,,,485
New (the --),unmatched,,,,the --,486
No matter,unmatched,,,,,487
Nodding,unmatched,,,,,488
Numbed out,unmatched,,,,,489
Numbing (psychic numbing),unmatched,,,,psychic numbing,490
Numbness,unmatched,,,,,491
Nurture (to),unmatched,,,,to,492
Nurturing,unmatched,,,,,493
O-Anon,unmatched,,,,,495
Obvious,unmatched,,,,,496
Odds,unmatched,,,,,497
Offender,unmatched,,,,,498
Old member,unmatched,,,,,499
Old saying,unmatched,,,,,500
One’s self,unmatched,,,,,501
Ongoing,unmatched,,,,,502
Onlooker,unmatched,,,,,503
Opinion (doctor’s),unmatched,,,,doctor’s,504
Original,unmatched,,,,,505
Outcomes,unmatched,,,,,506
Outlook,unmatched,,,,,507
Outreach,unmatched,,,,,508
Overnight,unmatched,,,,,509
Overpower,unmatched,,,,,510
Overtone,unmatched,,,,,511
Overwhelmed,unmatched,,,,,512
Panel discussion,unmatched,,,,,514
Panic disorder,unmatched,,,,,515
Para-alcoholic (codependency),unmatched,,,,codependency,516
Para-alcoholism | (See page 335 in the ACA BRB.),unmatched,,,,See page 335 in the ACA BRB. | (See page 335 in the ACA BRB.),517
Pass on (to),unmatched,,,,to,519
Passive-aggressive | (See index of ACA BRB.),unmatched,,,,See index of ACA BRB. | (See index of ACA BRB.),518
Path,unmatched,,,,,520
Pathway,unmatched,,,,,521
Pattern,unmatched,,,,,522
Penned,unmatched,,,,,523
People-pleaser,unmatched,,,,,525
People-pleaser or approval seeker | Trait 2 of The Laundry List. We became approval seekers and lost our identity in the process,unmatched,,,,Trait 2 of The Laundry List. We became approval seekers and lost our identity in the process,524
People-pleasing,unmatched,,,,,526
Perfectionism,unmatched,,,,,528
Perfectionist,unmatched,,,,,529
Perpetration,unmatched,,,,,530
Persecutor or Perpetrator,unmatched,,,,,531
Pervasive,unmatched,,,,,532
Pettiness,unmatched,,,,,533
Picked on,unmatched,,,,,534
Piercing (adj.),unmatched,,,,adj.,535
Pinpoint (to),unmatched,,,,to,536
Pitiful,unmatched,,,,,537
Pitifulness,unmatched,,,,,538
Playpen,unmatched,,,,,539
Plea,unmatched,,,,,540
Pleased,unmatched,,,,,541
Pledge,unmatched,,,,,542
Plummet (to),unmatched,,,,to,543
Ponderous,unmatched,,,,,544
Positive traits,unmatched,,,,,545
Post Traumatic Stress Disorder (PTSD),unmatched,,,,PTSD,546
Post Traumatic Stress Syndrome (PTSS),unmatched,,,,PTSS,547
Powerful,unmatched,,,,,548
Praise (v.),unmatched,,,,v.,550
Prayer life,unmatched,,,,,551
Preciousness,unmatched,,,,,552
Predicament,unmatched,,,,,553
Predictability,unmatched,,,,,554
Privation,unmatched,,,,,555
Problem drinker,unmatched,,,,,556
Procrastination,unmatched,,,,,557
Program (ACA),unmatched,,,,ACA,558
Prone to,unmatched,,,,,559
PTSD,unmatched,,,,,560
Pulled into (to be --),unmatched,,,,to be --,561
Qualifier,unmatched,,,,,563
Qualify for ACA,unmatched,,,,,564
Quality,unmatched,,,,,565
Quality positive,unmatched,,,,,566
Raw,unmatched,,,,,568
Reach (v.),unmatched,,,,v.,570
Reactors rather than actors,unmatched,,,,,571
Real Self (also True Self),unmatched,,,,also True Self,572
Recasting,unmatched,,,,,573
Reclaim (to),unmatched,,,,to,574
Recollections,unmatched,,,,,575
Recovery,unmatched,,,,,576
Reenact (to),unmatched,,,,to,577
Reenactment,unmatched,,,,,578
Reflection,unmatched,,,,,579
Regardless,unmatched,,,,,580
Rehashed,unmatched,,,,,582
Rehearse,unmatched,,,,,583
Rejection,unmatched,,,,,581
Relapse | (This can be relapse with alcohol/drugs. Or you can relapse by returning to childhood roles or using the Laundry List Traits to remain stuck in addiction or self-harming behavior/ relationships.),unmatched,,,,This can be relapse with alcohol/drugs. Or you can relapse by returning to childhood roles or using ...,584
Relate | (See chapter 3 of the ACA BRB: My Parents Did Not Drink But I Can Relate.),unmatched,,,,See chapter 3 of the ACA BRB: My Parents Did Not Drink But I Can Relate. | (See chapter 3 of the ACA...,585
Related,unmatched,,,,,586
Relative,unmatched,,,,,587
Relief,unmatched,,,,,588
Rely on (to),unmatched,,,,to,589
Remorseful,unmatched,,,,,590
Removal,unmatched,,,,,591
Reparent,unmatched,,,,,592
"Reparenting | Reparenting ourselves can mean many things… (See page 299 of the ACA BRB.) | By reparenting ourselves, we can believe… (See page 301 of the ACA BRB.)",unmatched,,,,"See page 299 of the ACA BRB., See page 301 of the ACA BRB. | Reparenting ourselves can mean many thi...",593
Rescuer | (See index in ACA BRB for examples.),unmatched,,,,See index in ACA BRB for examples. | (See index in ACA BRB for examples.),594
Resentment,unmatched,,,,,595
Restage (to),unmatched,,,,to,596
Revisit (to),unmatched,,,,to,597
Reward,unmatched,,,,,598
Rewired,unmatched,,,,,599
Ridicule,unmatched,,,,,600
Rigidly,unmatched,,,,,601
Roaring,unmatched,,,,,602
Roles that children take on in the alcoholic or dysfunctional home: | - family hero child (usually the oldest child who is perfectionistic) | - lost child (usually shy or invisible child) | - black sheep child (usually the angry or trouble-making child) | - mascot child (usually the youngest child who uses humor for attention),unmatched,,,,"usually the oldest child who is perfectionistic, usually shy or invisible child, usually the angry o...",603
Romance,unmatched,,,,,604
Root,unmatched,,,,,605
Ropes course,unmatched,,,,,606
Ruptured,unmatched,,,,,607
Rush (to),unmatched,,,,to,608
Sabbath,unmatched,,,,,610
Salvage (n.),unmatched,,,,n.,611
Sane,unmatched,,,,,612
Sanity,unmatched,,,,,613
Scapegoat,unmatched,,,,,614
Scary,unmatched,,,,,615
Scathing,unmatched,,,,,616
Scope,unmatched,,,,,617
Scrambled,unmatched,,,,,618
Scrutinizing,unmatched,,,,,619
Searching inventory,unmatched,,,,,620
Seek (to),unmatched,,,,to,621
Seemingly,unmatched,,,,,622
Self,unmatched,,,,,623
Self-betrayal,unmatched,,,,,624
Self-centered,unmatched,,,,,625
Self-centeredness,unmatched,,,,,626
Self-condemnation,unmatched,,,,,627
Self-confidence,unmatched,,,,,628
Self-destructive,unmatched,,,,,629
Self-doubt,unmatched,,,,,630
Self-esteem,unmatched,,,,,631
Self-forgiveness,unmatched,,,,,632
Self-harming,unmatched,,,,,633
Self-hate,unmatched,,,,,634
Self-inventory,unmatched,,,,,635
Self-love | (This is not narcissism. See Chapter 15 of the ACA BRB.),unmatched,,,,This is not narcissism. See Chapter 15 of the ACA BRB. | (This is not narcissism. See Chapter 15 of ...,639
Self-pitying,unmatched,,,,,640
Self-reliant,unmatched,,,,,641
Self-righteousness,unmatched,,,,,642
Self-worth,unmatched,,,,,643
Selfish,unmatched,,,,,636
Selfless,unmatched,,,,,637
Selflessness,unmatched,,,,,638
Sense of shame,unmatched,,,,,644
Separateness,unmatched,,,,,645
Sequence of recovery,unmatched,,,,,646
Sequence of the Steps,unmatched,,,,,647
Serendipity,unmatched,,,,,648
Service Board (the),unmatched,,,,the,649
Service structure,unmatched,,,,,650
Setting,unmatched,,,,,651
Settle (to),unmatched,,,,to,652
Several,unmatched,,,,,653
Sexual abuse,unmatched,,,,,654
Shame-based,unmatched,,,,,655
Share (n.),unmatched,,,,n.,656
Shattered,unmatched,,,,,657
Sheet,unmatched,,,,,658
Shell shock,unmatched,,,,,659
Shield,unmatched,,,,,660
Shocked,unmatched,,,,,661
Shortcoming,unmatched,,,,,662
Showdown,unmatched,,,,,663
Shrewdly,unmatched,,,,,664
Shrug,unmatched,,,,,665
Shrug off,unmatched,,,,,666
Shunned,unmatched,,,,,667
Shut down (to),unmatched,,,,to,668
Sibling,unmatched,,,,,669
Sick (meaning dysfunctional),unmatched,,,,meaning dysfunctional,670
Simmering,unmatched,,,,,671
Sit across (to),unmatched,,,,to,672
Skeptic; skeptical,unmatched,,,,,673
Slam shut,unmatched,,,,,674
Sliver,unmatched,,,,,675
Slogan,unmatched,,,,,676
Sloppy,unmatched,,,,,677
Soothe (to),unmatched,,,,to,678
Sorrow,unmatched,,,,,679
Sought,unmatched,,,,,680
Sour,unmatched,,,,,681
Sovereign,unmatched,,,,,682
Spank (to),unmatched,,,,to,683
Spat,unmatched,,,,,684
Spending,unmatched,,,,,685
Spiral inward,unmatched,,,,,686
Spirit,unmatched,,,,,687
Spiritual,unmatched,,,,,688
Split off (to),unmatched,,,,to,689
Sponsee,unmatched,,,,,690
Sponsor,unmatched,,,,,691
Sponsorship,unmatched,,,,,692
Spread,unmatched,,,,,693
Sprout (n.),unmatched,,,,n.,694
Spurred,unmatched,,,,,695
Squandered,unmatched,,,,,696
Stand up for,unmatched,,,,,697
Statement,unmatched,,,,,699
"States (for example, “Tradition Six, which states)",unmatched,,,,"for example, “Tradition Six, which states",698
Steer (to – someone),unmatched,,,,to – someone,700
Steering,unmatched,,,,,701
Stellar,unmatched,,,,,702
Step aside,unmatched,,,,,703
Step off into (to),unmatched,,,,to,704
Stepfather,unmatched,,,,,705
Sternly,unmatched,,,,,706
Stifling,unmatched,,,,,707
Stigma,unmatched,,,,,708
Stillness,unmatched,,,,,709
Stir up,unmatched,,,,,710
Stirred,unmatched,,,,,711
Stockbroker,unmatched,,,,,712
Stone,unmatched,,,,,713
Store away (to),unmatched,,,,to,714
Story,unmatched,,,,,715
Straightforward,unmatched,,,,,716
Strangling,unmatched,,,,,717
Stress (to -- something),unmatched,,,,to -- something,718
Strike (to),unmatched,,,,to,719
Strive (to – to),unmatched,,,,to – to,720
Struck,unmatched,,,,,721
Struggle (to),unmatched,,,,to,722
Strut (to),unmatched,,,,to,723
Stubborn,unmatched,,,,,724
Stuck,unmatched,,,,,725
Stuff (to – feelings),unmatched,,,,to – feelings,726
Stuffing,unmatched,,,,,727
Stumble (to -- upon something),unmatched,,,,to -- upon something,728
Stumbling block,unmatched,,,,,729
Stunted,unmatched,,,,,730
Sturdy platform,unmatched,,,,,731
Subtly,unmatched,,,,,732
Succeed (to),unmatched,,,,to,733
Summary,unmatched,,,,,734
Supervisor,unmatched,,,,,735
Support group,unmatched,,,,,736
Surge (n.),unmatched,,,,n.,737
Surrender (to),matched,alistumine,eki_skt,psychology/therapy,to,738
Susceptible,unmatched,,,,,739
Swallow (to),unmatched,,,,to,740
Swatting,unmatched,,,,,741
Sweeping statement,unmatched,,,,,742
Take action,unmatched,,,,,744
Take care,unmatched,,,,,745
Talk-show,unmatched,,,,,746
Tame (to),unmatched,,,,to,747
Tape (on --),unmatched,,,,on --,748
Taunting,unmatched,,,,,749
Teachable,unmatched,,,,,750
Temper (to),unmatched,,,,to,751
Tensing,unmatched,,,,,752
Terrified of abandonment,unmatched,,,,,753
Territory,unmatched,,,,,754
That said,unmatched,,,,,755
Therapist,unmatched,,,,,756
Thing,unmatched,,,,,757
Thorough,unmatched,,,,,758
Thought life,unmatched,,,,,759
Thoughtful,unmatched,,,,,760
Threat,unmatched,,,,,761
Threatens,unmatched,,,,,762
Thrive (to),unmatched,,,,to,763
Thus far,unmatched,,,,,764
Tickle (to),unmatched,,,,to,765
Tickling,unmatched,,,,,766
Top-notch,unmatched,,,,,768
Topic,unmatched,,,,,767
Torn apart,unmatched,,,,,769
Tragically,unmatched,,,,,770
Trait,unmatched,,,,,771
Transfixed,unmatched,,,,,772
Trapped,unmatched,,,,,773
Treat (n.),unmatched,,,,n.,774
Treatment setting,unmatched,,,,,775
Tricky,unmatched,,,,,776
Trigger (to),unmatched,,,,to,777
Trivialize (to),unmatched,,,,to,778
Troubled (family) | (See page xix of the ACA BRB: “troubled family systems”.),unmatched,,,,"family, See page xix of the ACA BRB: “troubled family systems”. | (See page xix of the ACA BRB: “tro...",779
Troublesome,unmatched,,,,,780
True north | (to keep the --),unmatched,,,,to keep the -- | (to keep the --),781
True self (also real self),unmatched,,,,also real self,782
Truism,unmatched,,,,,783
Trust,unmatched,,,,,784
Trusted (counselor),unmatched,,,,counselor,785
Trusting in,unmatched,,,,,786
Trustworthy,unmatched,,,,,787
Turn things over (to -- to God),unmatched,,,,to -- to God,788
Tussle (v.),unmatched,,,,v.,790
Twelve Steps (of ACA),unmatched,,,,of ACA,791
Twitch,unmatched,,,,,792
Type,unmatched,,,,,793
Typically,unmatched,,,,,794
Ultimately,unmatched,,,,,796
"Unapproved Draft. These materials have not been verified by the ACA WSO. | © Copyrighted by Adult Children of Alcoholics®/ | World Services Organization, Torrance, California, USA. | Any copying or distribution without prior written consent from ACA WSO is a violation of copyright law.",unmatched,,,,"© Copyrighted by Adult Children of Alcoholics®/ | World Services Organization, Torrance, California,...",874
Uncanny,unmatched,,,,,797
Undercut (to),unmatched,,,,to,798
Underline (to),unmatched,,,,to,799
Underlying,unmatched,,,,,800
Undermine (to),unmatched,,,,to,801
Underpin (to),unmatched,,,,to,802
Underpinning,unmatched,,,,,803
Underscore,unmatched,,,,,804
Unearthed,unmatched,,,,,805
Uneventful,unmatched,,,,,806
Unfeeling self,unmatched,,,,,807
Unfortunately,unmatched,,,,,808
Ungrateful,unmatched,,,,,809
Unique,unmatched,,,,,810
Unknowingly,unmatched,,,,,811
Unpurged,unmatched,,,,,812
Unselfish,unmatched,,,,,813
Unwhole,unmatched,,,,,814
Up (appears),unmatched,,,,appears,815
Upbringing,unmatched,,,,,816
Upon me,unmatched,,,,,817
Upset,unmatched,,,,,818
Urge (to – someone),unmatched,,,,to – someone,819
Used up,unmatched,,,,,820
Valued,unmatched,,,,,822
Vault (to),unmatched,,,,to,823
Victim,unmatched,,,,,824
Victimize (to),unmatched,,,,to,825
Victimizer,unmatched,,,,,826
Waist,unmatched,,,,,828
Wander (to),unmatched,,,,to,829
Wane (to),unmatched,,,,to,830
Ward off (to),unmatched,,,,to,831
Web,unmatched,,,,,832
Well up (to),unmatched,,,,to,833
Whatsoever,unmatched,,,,,834
While,unmatched,,,,,835
Whipped,unmatched,,,,,836
Wholeness,unmatched,,,,,837
Whore,unmatched,,,,,838
Will,unmatched,,,,,839
Willing,unmatched,,,,,840
Willingly,unmatched,,,,,841
Willingness,matched,(definition only),eki_dkt,psychology/therapy,,842
Wind down (to),unmatched,,,,to,843
Wisdom,unmatched,,,,,844
Wisk,unmatched,,,,,845
Withhold (to -- something),unmatched,,,,to -- something,846
Within,unmatched,,,,,847
Without mercy,unmatched,,,,,848
Witness (to bear--),unmatched,,,,to bear--,849
Woe,unmatched,,,,,850
Workable,unmatched,,,,,852
Workaholic,unmatched,,,,,854
Workbook,unmatched,,,,,855
Workplace,unmatched,,,,,856
Workplace Laundry List,unmatched,,,,,857
World Service Office Board of Trustees (WSO),unmatched,,,,WSO,858
World Service Organization (WSO),unmatched,,,,WSO,851
Worship,unmatched,,,,,859
Worshipped,unmatched,,,,,860
Woundedness,unmatched,,,,,861
Wreckage,unmatched,,,,,862
Wretched,unmatched,,,,,863
Writhe (to – in pain; to – on the floor),unmatched,,,,to – in pain; to – on the floor,864
Wrong,unmatched,,,,,865
Wrongfully,unmatched,,,,,866
Yet,unmatched,,,,,870
“Blameless” inventory | (See pages xvi and xxxvi of the ACA BRB.),unmatched,,,,See pages xvi and xxxvi of the ACA BRB. | (See pages xvi and xxxvi of the ACA BRB.),99
“Bleeding deacon”,unmatched,,,,,102
"“It works, if you work it!”",unmatched,,,,,414
